Sequence,Mutation
ATCGATCGATCGATCGATCGATCGATCGATCGATCGATCGATCGATCGATCGATCGATCG,1
GCTAGCTAGCTAGCTAGCTAGCTAGCTAGCTAGCTAGCTAGCTAGCTAGCTAGCTAGCT,0
TTAAAGCGTTAAGCGTTAAGCGTTAAGCGTTAAGCGTTAAGCGTTAAGCGTTAAGCGT,1
CGATCGATCGATCGATCGATCGATCGATCGATCGATCGATCGATCGATCGATCGATCGA,0
AGCTAGCTAGCTAGCTAGCTAGCTAGCTAGCTAGCTAGCTAGCTAGCTAGCTAGCTAGC,1
TCTATCTATCTATCTATCTATCTATCTATCTATCTATCTATCTATCTATCTATCTATC,0
CGTACGTACGTACGTACGTACGTACGTACGTACGTACGTACGTACGTACGTACGTACG,1
AGTCAGTCAGTCAGTCAGTCAGTCAGTCAGTCAGTCAGTCAGTCAGTCAGTCAGTCAG,0
TAGCTAGCTAGCTAGCTAGCTAGCTAGCTAGCTAGCTAGCTAGCTAGCTAGCTAGCTAG,1
CGATCGATCGATCGATCGATCGATCGATCGATCGATCGATCGATCGATCGATCGATCGA,0
AGCTAGCTAGCTAGCTAGCTAGCTAGCTAGCTAGCTAGCTAGCTAGCTAGCTAGCTAGC,1
TCTATCTATCTATCTATCTATCTATCTATCTATCTATCTATCTATCTATCTATCTATC,0
CGTACGTACGTACGTACGTACGTACGTACGTACGTACGTACGTACGTACGTACGTACG,1
AGTCAGTCAGTCAGTCAGTCAGTCAGTCAGTCAGTCAGTCAGTCAGTCAGTCAGTCAG,0
TAGCTAGCTAGCTAGCTAGCTAGCTAGCTAGCTAGCTAGCTAGCTAGCTAGCTAGCTAG,1
CGATCGATCGATCGATCGATCGATCGATCGATCGATCGATCGATCGATCGATCGATCGA,0
AGCTAGCTAGCTAGCTAGCTAGCTAGCTAGCTAGCTAGCTAGCTAGCTAGCTAGCTAGC,1
TCTATCTATCTATCTATCTATCTATCTATCTATCTATCTATCTATCTATCTATCTATC,0
CGTACGTACGTACGTACGTACGTACGTACGTACGTACGTACGTACGTACGTACGTACG,1
AGTCAGTCAGTCAGTCAGTCAGTCAGTCAGTCAGTCAGTCAGTCAGTCAGTCAGTCAG,0
TAGCTAGCTAGCTAGCTAGCTAGCTAGCTAGCTAGCTAGCTAGCTAGCTAGCTAGCTAG,1
CGATCGATCGATCGATCGATCGATCGATCGATCGATCGATCGATCGATCGATCGATCGA,0
AGCTAGCTAGCTAGCTAGCTAGCTAGCTAGCTAGCTAGCTAGCTAGCTAGCTAGCTAGC,1
TCTATCTATCTATCTATCTATCTATCTATCTATCTATCTATCTATCTATCTATCTATC,0
CGTACGTACGTACGTACGTACGTACGTACGTACGTACGTACGTACGTACGTACGTACG,1
AGTCAGTCAGTCAGTCAGTCAGTCAGTCAGTCAGTCAGTCAGTCAGTCAGTCAGTCAG,0
TAGCTAGCTAGCTAGCTAGCTAGCTAGCTAGCTAGCTAGCTAGCTAGCTAGCTAGCTAG,1
CGATCGATCGATCGATCGATCGATCGATCGATCGATCGATCGATCGATCGATCGATCGA,0
AGCTAGCTAGCTAGCTAGCTAGCTAGCTAGCTAGCTAGCTAGCTAGCTAGCTAGCTAGC,1
TCTATCTATCTATCTATCTATCTATCTATCTATCTATCTATCTATCTATCTATCTATC,0
CGTACGTACGTACGTACGTACGTACGTACGTACGTACGTACGTACGTACGTACGTACG,1
AGTCAGTCAGTCAGTCAGTCAGTCAGTCAGTCAGTCAGTCAGTCAGTCAGTCAGTCAG,0
TAGCTAGCTAGCTAGCTAGCTAGCTAGCTAGCTAGCTAGCTAGCTAGCTAGCTAGCTAG,1
CGATCGATCGATCGATCGATCGATCGATCGATCGATCGATCGATCGATCGATCGATCGA,0
AGCTAGCTAGCTAGCTAGCTAGCTAGCTAGCTAGCTAGCTAGCTAGCTAGCTAGCTAGC,1
TCTATCTATCTATCTATCTATCTATCTATCTATCTATCTATCTATCTATCTATCTATC,0
CGTACGTACGTACGTACGTACGTACGTACGTACGTACGTACGTACGTACGTACGTACG,1
AGTCAGTCAGTCAGTCAGTCAGTCAGTCAGTCAGTCAGTCAGTCAGTCAGTCAGTCAG,0
TAGCTAGCTAGCTAGCTAGCTAGCTAGCTAGCTAGCTAGCTAGCTAGCTAGCTAGCTAG,1
CGATCGATCGATCGATCGATCGATCGATCGATCGATCGATCGATCGATCGATCGATCGA,0
AGCTAGCTAGCTAGCTAGCTAGCTAGCTAGCTAGCTAGCTAGCTAGCTAGCTAGCTAGC,1
TCTATCTATCTATCTATCTATCTATCTATCTATCTATCTATCTATCTATCTATCTATC,0
CGTACGTACGTACGTACGTACGTACGTACGTACGTACGTACGTACGTACGTACGTACG,1
AGTCAGTCAGTCAGTCAGTCAGTCAGTCAGTCAGTCAGTCAGTCAGTCAGTCAGTCAG,0
TAGCTAGCTAGCTAGCTAGCTAGCTAGCTAGCTAGCTAGCTAGCTAGCTAGCTAGCTAG,1
CGATCGATCGATCGATCGATCGATCGATCGATCGATCGATCGATCGATCGATCGATCGA,0
CTAGCTAGCTAGCTAGCTAGCTAGCTAGCTAGCTAGCTAGCTAGCTAGCTAGCTAGCTA,1
TCTATCTATCTATCTATCTATCTATCTATCTATCTATCTATCTATCTATCTATCTATC,0
TGTACGTACGTACGTACGTACGTACGTACGTACGTACGTACGTACGTACGTACGTACG,1
AGTCAGTCAGTCAGTCAGTCAGTCAGTCAGTCAGTCAGTCAGTCAGTCAGTCAGTCAG,0
GTCAGTCAGTCAGTCAGTCAGTCAGTCAGTCAGTCAGTCAGTCAGTCAGTCAGTCAGT,1
ACGATCGATCGATCGATCGATCGATCGATCGATCGATCGATCGATCGATCGATCGATC,0
GCGTAGCTAGCTAGCTAGCTAGCTAGCTAGCTAGCTAGCTAGCTAGCTAGCTAGCTAGC,1
ACTAGCTAGCTAGCTAGCTAGCTAGCTAGCTAGCTAGCTAGCTAGCTAGCTAGCTAGC,0
TAGCTAGCTAGCTAGCTAGCTAGCTAGCTAGCTAGCTAGCTAGCTAGCTAGCTAGCTAG,1
GATCGATCGATCGATCGATCGATCGATCGATCGATCGATCGATCGATCGATCGATCGA,0
CGATCGATCGATCGATCGATCGATCGATCGATCGATCGATCGATCGATCGATCGATCG,1
AGCTAGCTAGCTAGCTAGCTAGCTAGCTAGCTAGCTAGCTAGCTAGCTAGCTAGCTAGC,0
TCTATCTATCTATCTATCTATCTATCTATCTATCTATCTATCTATCTATCTATCTATC,1
CGTACGTACGTACGTACGTACGTACGTACGTACGTACGTACGTACGTACGTACGTACG,0
TACGTACGTACGTACGTACGTACGTACGTACGTACGTACGTACGTACGTACGTACGTA,1
GTCAGTCAGTCAGTCAGTCAGTCAGTCAGTCAGTCAGTCAGTCAGTCAGTCAGTCAGT,0
TCAGTCAGTCAGTCAGTCAGTCAGTCAGTCAGTCAGTCAGTCAGTCAGTCAGTCAGTC,1
CAGTCAGTCAGTCAGTCAGTCAGTCAGTCAGTCAGTCAGTCAGTCAGTCAGTCAGTCA,0
AGTCAGTCAGTCAGTCAGTCAGTCAGTCAGTCAGTCAGTCAGTCAGTCAGTCAGTCAG,1
GTCAGTCAGTCAGTCAGTCAGTCAGTCAGTCAGTCAGTCAGTCAGTCAGTCAGTCAGT,0
TCAGTCAGTCAGTCAGTCAGTCAGTCAGTCAGTCAGTCAGTCAGTCAGTCAGTCAGTC,1
CAGTCAGTCAGTCAGTCAGTCAGTCAGTCAGTCAGTCAGTCAGTCAGTCAGTCAGTCA,0
AGTCAGTCAGTCAGTCAGTCAGTCAGTCAGTCAGTCAGTCAGTCAGTCAGTCAGTCAG,1
GTCAGTCAGTCAGTCAGTCAGTCAGTCAGTCAGTCAGTCAGTCAGTCAGTCAGTCAGT,0
TCAGTCAGTCAGTCAGTCAGTCAGTCAGTCAGTCAGTCAGTCAGTCAGTCAGTCAGTC,1
CAGTCAGTCAGTCAGTCAGTCAGTCAGTCAGTCAGTCAGTCAGTCAGTCAGTCAGTCA,0
AGTCAGTCAGTCAGTCAGTCAGTCAGTCAGTCAGTCAGTCAGTCAGTCAGTCAGTCAG,1
GTCAGTCAGTCAGTCAGTCAGTCAGTCAGTCAGTCAGTCAGTCAGTCAGTCAGTCAGT,0
TCAGTCAGTCAGTCAGTCAGTCAGTCAGTCAGTCAGTCAGTCAGTCAGTCAGTCAGTC,1
CAGTCAGTCAGTCAGTCAGTCAGTCAGTCAGTCAGTCAGTCAGTCAGTCAGTCAGTCA,0
AGTCAGTCAGTCAGTCAGTCAGTCAGTCAGTCAGTCAGTCAGTCAGTCAGTCAGTCAG,1
GTCAGTCAGTCAGTCAGTCAGTCAGTCAGTCAGTCAGTCAGTCAGTCAGTCAGTCAGT,0
TCAGTCAGTCAGTCAGTCAGTCAGTCAGTCAGTCAGTCAGTCAGTCAGTCAGTCAGTC,1
CAGTCAGTCAGTCAGTCAGTCAGTCAGTCAGTCAGTCAGTCAGTCAGTCAGTCAGTCA,0
AGTCAGTCAGTCAGTCAGTCAGTCAGTCAGTCAGTCAGTCAGTCAGTCAGTCAGTCAG,1
GTCAGTCAGTCAGTCAGTCAGTCAGTCAGTCAGTCAGTCAGTCAGTCAGTCAGTCAGT,0
0TCAGTCAGTCAGTCAGTCAGTCAGTCAGTCAGTCAGTCAGTCAGTCAGTCAGTCAGTC,1
00CAGTCAGTCAGTCAGTCAGTCAGTCAGTCAGTCAGTCAGTCAGTCAGTCAGTCAGT,0
000AGTCAGTCAGTCAGTCAGTCAGTCAGTCAGTCAGTCAGTCAGTCAGTCAGTCAG,1
0000GTCAGTCAGTCAGTCAGTCAGTCAGTCAGTCAGTCAGTCAGTCAGTCAGTCAG,0
00000TCAGTCAGTCAGTCAGTCAGTCAGTCAGTCAGTCAGTCAGTCAGTCAGTCAG,1
000000CAGTCAGTCAGTCAGTCAGTCAGTCAGTCAGTCAGTCAGTCAGTCAGTCAG,0
0000000AGTCAGTCAGTCAGTCAGTCAGTCAGTCAGTCAGTCAGTCAGTCAGTCAG,1
00000000GTCAGTCAGTCAGTCAGTCAGTCAGTCAGTCAGTCAGTCAGTCAGTCAG,0
000000000TCAGTCAGTCAGTCAGTCAGTCAGTCAGTCAGTCAGTCAGTCAGTCAG,1
0000000000CAGTCAGTCAGTCAGTCAGTCAGTCAGTCAGTCAGTCAGTCAGTCAG,0
00000000000AGTCAGTCAGTCAGTCAGTCAGTCAGTCAGTCAGTCAGTCAGTCAG,1
000000000000GTCAGTCAGTCAGTCAGTCAGTCAGTCAGTCAGTCAGTCAGTCAG,0
0000000000000TCAGTCAGTCAGTCAGTCAGTCAGTCAGTCAGTCAGTCAGTCAG,1
00000000000000CAGTCAGTCAGTCAGTCAGTCAGTCAGTCAGTCAGTCAGTCAG,0
000000000000000AGTCAGTCAGTCAGTCAGTCAGTCAGTCAGTCAGTCAGTCAG,1
0000000000000000GTCAGTCAGTCAGTCAGTCAGTCAGTCAGTCAGTCAGTCAG,0
00000000000000000TCAGTCAGTCAGTCAGTCAGTCAGTCAGTCAGTCAGTCAG,1
000000000000000000CAGTCAGTCAGTCAGTCAGTCAGTCAGTCAGTCAGTCAG,0
0000000000000000000AGTCAGTCAGTCAGTCAGTCAGTCAGTCAGTCAGTCAG,1
00000000000000000000GTCAGTCAGTCAGTCAGTCAGTCAGTCAGTCAGTCAG,0
000000000000000000000TCAGTCAGTCAGTCAGTCAGTCAGTCAGTCAGTCAG,1
0000000000000000000000CAGTCAGTCAGTCAGTCAGTCAGTCAGTCAGTCAG,0
00000000000000000000000AGTCAGTCAGTCAGTCAGTCAGTCAGTCAGTCAG,1
000000000000000000000000GTCAGTCAGTCAGTCAGTCAGTCAGTCAGTCAG,0
0000000000000000000000000TCAGTCAGTCAGTCAGTCAGTCAGTCAGTCAG,1
00000000000000000000000000CAGTCAGTCAGTCAGTCAGTCAGTCAGTCAG,0
000000000000000000000000000AGTCAGTCAGTCAGTCAGTCAGTCAGTCAG,1
0TCAGTCAGTCAGTCAGTCAGTCAGTCAGTCAGTCAGTCAGTCAGTCAGTCAGTCAGTC,1
00CAGTCAGTCAGTCAGTCAGTCAGTCAGTCAGTCAGTCAGTCAGTCAGTCAGTCAGT,0
000AGTCAGTCAGTCAGTCAGTCAGTCAGTCAGTCAGTCAGTCAGTCAGTCAGTCAG,1
0000GTCAGTCAGTCAGTCAGTCAGTCAGTCAGTCAGTCAGTCAGTCAGTCAGTCAG,0
00000TCAGTCAGTCAGTCAGTCAGTCAGTCAGTCAGTCAGTCAGTCAGTCAGTCAG,1
000000CAGTCAGTCAGTCAGTCAGTCAGTCAGTCAGTCAGTCAGTCAGTCAGTCAG,0
0000000AGTCAGTCAGTCAGTCAGTCAGTCAGTCAGTCAGTCAGTCAGTCAGTCAG,1
00000000GTCAGTCAGTCAGTCAGTCAGTCAGTCAGTCAGTCAGTCAGTCAGTCAG,0
000000000TCAGTCAGTCAGTCAGTCAGTCAGTCAGTCAGTCAGTCAGTCAGTCAG,1
0000000000CAGTCAGTCAGTCAGTCAGTCAGTCAGTCAGTCAGTCAGTCAGTCAG,0
00000000000AGTCAGTCAGTCAGTCAGTCAGTCAGTCAGTCAGTCAGTCAGTCAG,1
000000000000GTCAGTCAGTCAGTCAGTCAGTCAGTCAGTCAGTCAGTCAGTCAG,0
0000000000000TCAGTCAGTCAGTCAGTCAGTCAGTCAGTCAGTCAGTCAGTCAG,1
00000000000000CAGTCAGTCAGTCAGTCAGTCAGTCAGTCAGTCAGTCAGTCAG,0
000000000000000AGTCAGTCAGTCAGTCAGTCAGTCAGTCAGTCAGTCAGTCAG,1
0000000000000000GTCAGTCAGTCAGTCAGTCAGTCAGTCAGTCAGTCAGTCAG,0
00000000000000000TCAGTCAGTCAGTCAGTCAGTCAGTCAGTCAGTCAGTCAG,1
000000000000000000CAGTCAGTCAGTCAGTCAGTCAGTCAGTCAGTCAGTCAG,0
0000000000000000000AGTCAGTCAGTCAGTCAGTCAGTCAGTCAGTCAGTCAG,1
00000000000000000000GTCAGTCAGTCAGTCAGTCAGTCAGTCAGTCAGTCAG,0
000000000000000000000TCAGTCAGTCAGTCAGTCAGTCAGTCAGTCAGTCAG,1
0000000000000000000000CAGTCAGTCAGTCAGTCAGTCAGTCAGTCAGTCAG,0
00000000000000000000000AGTCAGTCAGTCAGTCAGTCAGTCAGTCAGTCAG,1
000000000000000000000000GTCAGTCAGTCAGTCAGTCAGTCAGTCAGTCAG,0
0000000000000000000000000TCAGTCAGTCAGTCAGTCAGTCAGTCAGTCAG,1
00000000000000000000000000CAGTCAGTCAGTCAGTCAGTCAGTCAGTCAG,0
000000000000000000000000000AGTCAGTCAGTCAGTCAGTCAGTCAGTCAG,1
